action,user
Ramasser des déchets 1,charles-breton@hotmail.fr
Ramasser des déchets 2,charles-breton@hotmail.fr
Ramasser des déchets 3,charles-breton@hotmail.fr
Ramasser des déchets 4,charles-breton@hotmail.fr
Ramasser des déchets 5,charles-breton@hotmail.fr
Ramasser des déchets 6,charles-breton@hotmail.fr
Ramasser des déchets 7,charles-breton@hotmail.fr
Ramasser des déchets 8,charles-breton@hotmail.fr
Ramasser des déchets 9,charles-breton@hotmail.fr
Ramasser des déchets 10,charles-breton@hotmail.fr
Ramasser des déchets 11,charles-breton@hotmail.fr
Ramasser des déchets 12,charles-breton@hotmail.fr
Ramasser des déchets 13,charles-breton@hotmail.fr
Ramasser des déchets 14,charles-breton@hotmail.fr
Ramasser des déchets 15,charles-breton@hotmail.fr
Ramasser des déchets 16,charles-breton@hotmail.fr
Ramasser des déchets 17,charles-breton@hotmail.fr
Ramasser des déchets 18,charles-breton@hotmail.fr
Ramasser des déchets 19,charles-breton@hotmail.fr
Ramasser des déchets 20,charles-breton@hotmail.fr
Ramasser des déchets 21,charles-breton@hotmail.fr
Ramasser des déchets 22,charles-breton@hotmail.fr
Ramasser des déchets 23,charles-breton@hotmail.fr
Ramasser des déchets 24,charles-breton@hotmail.fr
Ramasser des déchets 25,charles-breton@hotmail.fr
Ramasser des déchets 26,charles-breton@hotmail.fr
Ramasser des déchets 27,charles-breton@hotmail.fr
Ramasser des déchets 28,charles-breton@hotmail.fr
Ramasser des déchets 29,charles-breton@hotmail.fr
Ramasser des déchets 30,charles-breton@hotmail.fr
Ramasser des déchets 31,charles-breton@hotmail.fr
Ramasser des déchets 32,charles-breton@hotmail.fr
Ramasser des déchets 33,charles-breton@hotmail.fr
Ramasser des déchets 34,charles-breton@hotmail.fr
Ramasser des déchets 35,charles-breton@hotmail.fr
Ramasser des déchets 36,charles-breton@hotmail.fr
Ramasser des déchets 37,charles-breton@hotmail.fr
Ramasser des déchets 38,charles-breton@hotmail.fr
Ramasser des déchets 39,charles-breton@hotmail.fr
Ramasser des déchets 40,charles-breton@hotmail.fr
Ramasser des déchets 41,charles-breton@hotmail.fr
Ramasser des déchets 42,charles-breton@hotmail.fr
Ramasser des déchets 43,charles-breton@hotmail.fr
Ramasser des déchets 44,charles-breton@hotmail.fr
Ramasser des déchets 45,charles-breton@hotmail.fr
Ramasser des déchets 46,charles-breton@hotmail.fr
Ramasser des déchets 47,charles-breton@hotmail.fr
Ramasser des déchets 48,charles-breton@hotmail.fr
Ramasser des déchets 49,charles-breton@hotmail.fr
Ramasser des déchets 50,charles-breton@hotmail.fr
Ramasser des déchets 51,charles-breton@hotmail.fr
Ramasser des déchets 52,charles-breton@hotmail.fr
Ramasser des déchets 53,charles-breton@hotmail.fr
Ramasser des déchets 54,charles-breton@hotmail.fr
Ramasser des déchets 55,charles-breton@hotmail.fr
Ramasser des déchets 56,charles-breton@hotmail.fr
Ramasser des déchets 57,charles-breton@hotmail.fr
Ramasser des déchets 58,charles-breton@hotmail.fr
Ramasser des déchets 59,charles-breton@hotmail.fr
Ramasser des déchets 60,charles-breton@hotmail.fr
Ramasser des déchets 61,charles-breton@hotmail.fr
Ramasser des déchets 62,charles-breton@hotmail.fr
Ramasser des déchets 63,charles-breton@hotmail.fr
Ramasser des déchets 64,charles-breton@hotmail.fr
Ramasser des déchets 65,charles-breton@hotmail.fr
Ramasser des déchets 66,charles-breton@hotmail.fr
Ramasser des déchets 67,charles-breton@hotmail.fr
Ramasser des déchets 68,charles-breton@hotmail.fr
Ramasser des déchets 69,charles-breton@hotmail.fr
Ramasser des déchets 70,charles-breton@hotmail.fr
Ramasser des déchets 71,charles-breton@hotmail.fr
Ramasser des déchets 72,charles-breton@hotmail.fr
Ramasser des déchets 73,charles-breton@hotmail.fr
Ramasser des déchets 74,charles-breton@hotmail.fr
Ramasser des déchets 75,charles-breton@hotmail.fr
Ramasser des déchets 76,charles-breton@hotmail.fr
Ramasser des déchets 77,charles-breton@hotmail.fr
Ramasser des déchets 78,charles-breton@hotmail.fr
Ramasser des déchets 79,charles-breton@hotmail.fr
Ramasser des déchets 80,charles-breton@hotmail.fr
Ramasser des déchets 81,charles-breton@hotmail.fr
Ramasser des déchets 82,charles-breton@hotmail.fr
Ramasser des déchets 83,charles-breton@hotmail.fr
Ramasser des déchets 84,charles-breton@hotmail.fr
Ramasser des déchets 85,charles-breton@hotmail.fr
Ramasser des déchets 86,charles-breton@hotmail.fr
Ramasser des déchets 87,charles-breton@hotmail.fr
Ramasser des déchets 88,charles-breton@hotmail.fr
Ramasser des déchets 89,charles-breton@hotmail.fr
Ramasser des déchets 90,charles-breton@hotmail.fr
Ramasser des déchets 91,charles-breton@hotmail.fr
Ramasser des déchets 92,charles-breton@hotmail.fr
Ramasser des déchets 93,charles-breton@hotmail.fr
Ramasser des déchets 94,charles-breton@hotmail.fr
Ramasser des déchets 95,charles-breton@hotmail.fr
Ramasser des déchets 96,charles-breton@hotmail.fr
Ramasser des déchets 97,charles-breton@hotmail.fr
Ramasser des déchets 98,charles-breton@hotmail.fr
Ramasser des déchets 99,charles-breton@hotmail.fr
Ramasser des déchets 100,charles-breton@hotmail.fr
Ramasser des déchets 101,charles-breton@hotmail.fr
Ramasser des déchets 102,charles-breton@hotmail.fr
Ramasser des déchets 103,charles-breton@hotmail.fr
Ramasser des déchets 104,charles-breton@hotmail.fr
Ramasser des déchets 105,charles-breton@hotmail.fr
Ramasser des déchets 106,charles-breton@hotmail.fr
Ramasser des déchets 107,charles-breton@hotmail.fr
Ramasser des déchets 108,charles-breton@hotmail.fr
Ramasser des déchets 109,charles-breton@hotmail.fr
Ramasser des déchets 110,charles-breton@hotmail.fr
Ramasser des déchets 111,charles-breton@hotmail.fr
Ramasser des déchets 112,charles-breton@hotmail.fr
Ramasser des déchets 113,charles-breton@hotmail.fr
Ramasser des déchets 114,charles-breton@hotmail.fr
Ramasser des déchets 115,charles-breton@hotmail.fr
Ramasser des déchets 116,charles-breton@hotmail.fr
Ramasser des déchets 117,charles-breton@hotmail.fr
Ramasser des déchets 118,charles-breton@hotmail.fr
Ramasser des déchets 119,charles-breton@hotmail.fr
Ramasser des déchets 120,charles-breton@hotmail.fr
Ramasser des déchets 121,charles-breton@hotmail.fr
Ramasser des déchets 122,charles-breton@hotmail.fr
Ramasser des déchets 123,charles-breton@hotmail.fr
Ramasser des déchets 124,charles-breton@hotmail.fr
Ramasser des déchets 125,charles-breton@hotmail.fr
Ramasser des déchets 126,charles-breton@hotmail.fr
Ramasser des déchets 127,charles-breton@hotmail.fr
Ramasser des déchets 128,charles-breton@hotmail.fr
Ramasser des déchets 129,charles-breton@hotmail.fr
Ramasser des déchets 130,charles-breton@hotmail.fr
Ramasser des déchets 131,charles-breton@hotmail.fr
Ramasser des déchets 132,charles-breton@hotmail.fr
Ramasser des déchets 133,charles-breton@hotmail.fr
Ramasser des déchets 134,charles-breton@hotmail.fr
Ramasser des déchets 135,charles-breton@hotmail.fr
Ramasser des déchets 136,charles-breton@hotmail.fr
Ramasser des déchets 137,charles-breton@hotmail.fr
Ramasser des déchets 138,charles-breton@hotmail.fr
Ramasser des déchets 139,charles-breton@hotmail.fr
Ramasser des déchets 140,charles-breton@hotmail.fr
Ramasser des déchets 141,charles-breton@hotmail.fr
Ramasser des déchets 142,charles-breton@hotmail.fr
Ramasser des déchets 143,charles-breton@hotmail.fr
Ramasser des déchets 144,charles-breton@hotmail.fr
Ramasser des déchets 145,charles-breton@hotmail.fr
Ramasser des déchets 146,charles-breton@hotmail.fr
Ramasser des déchets 147,charles-breton@hotmail.fr
Ramasser des déchets 148,charles-breton@hotmail.fr
Ramasser des déchets 149,charles-breton@hotmail.fr
Ramasser des déchets 150,charles-breton@hotmail.fr
Ramasser des déchets 151,charles-breton@hotmail.fr
Ramasser des déchets 152,charles-breton@hotmail.fr
Ramasser des déchets 153,charles-breton@hotmail.fr
Ramasser des déchets 154,charles-breton@hotmail.fr
Ramasser des déchets 155,charles-breton@hotmail.fr
Ramasser des déchets 156,charles-breton@hotmail.fr
Ramasser des déchets 157,charles-breton@hotmail.fr
Ramasser des déchets 158,charles-breton@hotmail.fr
Ramasser des déchets 159,charles-breton@hotmail.fr
Ramasser des déchets 160,charles-breton@hotmail.fr
Ramasser des déchets 161,charles-breton@hotmail.fr
Ramasser des déchets 162,charles-breton@hotmail.fr
Ramasser des déchets 163,charles-breton@hotmail.fr
Ramasser des déchets 164,charles-breton@hotmail.fr
Ramasser des déchets 165,charles-breton@hotmail.fr
Ramasser des déchets 166,charles-breton@hotmail.fr
Ramasser des déchets 167,charles-breton@hotmail.fr
Ramasser des déchets 168,charles-breton@hotmail.fr
Ramasser des déchets 169,charles-breton@hotmail.fr
Ramasser des déchets 170,charles-breton@hotmail.fr
Ramasser des déchets 171,charles-breton@hotmail.fr
Ramasser des déchets 172,charles-breton@hotmail.fr
Ramasser des déchets 173,charles-breton@hotmail.fr
Ramasser des déchets 174,charles-breton@hotmail.fr
Ramasser des déchets 175,charles-breton@hotmail.fr
Ramasser des déchets 176,charles-breton@hotmail.fr
Ramasser des déchets 177,charles-breton@hotmail.fr
Ramasser des déchets 178,charles-breton@hotmail.fr
Ramasser des déchets 179,charles-breton@hotmail.fr
Ramasser des déchets 180,charles-breton@hotmail.fr
Ramasser des déchets 181,charles-breton@hotmail.fr
Ramasser des déchets 182,charles-breton@hotmail.fr
Ramasser des déchets 183,charles-breton@hotmail.fr
Ramasser des déchets 184,charles-breton@hotmail.fr
Ramasser des déchets 185,charles-breton@hotmail.fr
Ramasser des déchets 186,charles-breton@hotmail.fr
Ramasser des déchets 187,charles-breton@hotmail.fr
Ramasser des déchets 188,charles-breton@hotmail.fr
Ramasser des déchets 189,charles-breton@hotmail.fr
Ramasser des déchets 1,gerard-commercial@fake.com
Ramasser des déchets 2,gerard-commercial@fake.com
Ramasser des déchets 3,gerard-commercial@fake.com
Ramasser des déchets 4,gerard-commercial@fake.com
Ramasser des déchets 5,gerard-commercial@fake.com
Ramasser des déchets 6,gerard-commercial@fake.com
Ramasser des déchets 7,gerard-commercial@fake.com
Ramasser des déchets 8,gerard-commercial@fake.com
Ramasser des déchets 9,gerard-commercial@fake.com
Ramasser des déchets 10,gerard-commercial@fake.com
Ramasser des déchets 11,gerard-commercial@fake.com
Ramasser des déchets 12,gerard-commercial@fake.com
Ramasser des déchets 13,gerard-commercial@fake.com
Ramasser des déchets 14,gerard-commercial@fake.com
Ramasser des déchets 15,gerard-commercial@fake.com
Ramasser des déchets 16,gerard-commercial@fake.com
Ramasser des déchets 17,gerard-commercial@fake.com
Ramasser des déchets 18,gerard-commercial@fake.com
Ramasser des déchets 19,gerard-commercial@fake.com
Ramasser des déchets 20,gerard-commercial@fake.com
Ramasser des déchets 21,gerard-commercial@fake.com
Ramasser des déchets 22,gerard-commercial@fake.com
Ramasser des déchets 23,gerard-commercial@fake.com
Ramasser des déchets 24,gerard-commercial@fake.com
Ramasser des déchets 25,gerard-commercial@fake.com
Ramasser des déchets 26,gerard-commercial@fake.com
Ramasser des déchets 27,gerard-commercial@fake.com
Ramasser des déchets 28,gerard-commercial@fake.com
Ramasser des déchets 29,gerard-commercial@fake.com
Ramasser des déchets 30,gerard-commercial@fake.com
Ramasser des déchets 31,gerard-commercial@fake.com
Ramasser des déchets 32,gerard-commercial@fake.com
Ramasser des déchets 33,gerard-commercial@fake.com
Ramasser des déchets 34,gerard-commercial@fake.com
Ramasser des déchets 35,gerard-commercial@fake.com
Ramasser des déchets 36,gerard-commercial@fake.com
Ramasser des déchets 37,gerard-commercial@fake.com
Ramasser des déchets 38,gerard-commercial@fake.com
Ramasser des déchets 39,gerard-commercial@fake.com
Ramasser des déchets 40,gerard-commercial@fake.com
Ramasser des déchets 41,gerard-commercial@fake.com
Ramasser des déchets 42,gerard-commercial@fake.com
Ramasser des déchets 43,gerard-commercial@fake.com
Ramasser des déchets 44,gerard-commercial@fake.com
Ramasser des déchets 45,gerard-commercial@fake.com
Ramasser des déchets 46,gerard-commercial@fake.com
Ramasser des déchets 47,gerard-commercial@fake.com
Ramasser des déchets 48,gerard-commercial@fake.com
Ramasser des déchets 49,gerard-commercial@fake.com
Ramasser des déchets 50,gerard-commercial@fake.com
Ramasser des déchets 51,gerard-commercial@fake.com
Ramasser des déchets 52,gerard-commercial@fake.com
Ramasser des déchets 53,gerard-commercial@fake.com
Ramasser des déchets 54,gerard-commercial@fake.com
Ramasser des déchets 55,gerard-commercial@fake.com
Ramasser des déchets 56,gerard-commercial@fake.com
Ramasser des déchets 57,gerard-commercial@fake.com
Ramasser des déchets 58,gerard-commercial@fake.com
Ramasser des déchets 59,gerard-commercial@fake.com
Ramasser des déchets 60,gerard-commercial@fake.com
Ramasser des déchets 61,gerard-commercial@fake.com
Ramasser des déchets 62,gerard-commercial@fake.com
Ramasser des déchets 63,gerard-commercial@fake.com
Ramasser des déchets 64,gerard-commercial@fake.com
Ramasser des déchets 65,gerard-commercial@fake.com
Ramasser des déchets 66,gerard-commercial@fake.com
Ramasser des déchets 67,gerard-commercial@fake.com
Ramasser des déchets 68,gerard-commercial@fake.com
Ramasser des déchets 69,gerard-commercial@fake.com
Ramasser des déchets 70,gerard-commercial@fake.com
Ramasser des déchets 71,gerard-commercial@fake.com
Ramasser des déchets 72,gerard-commercial@fake.com
Ramasser des déchets 73,gerard-commercial@fake.com
Ramasser des déchets 74,gerard-commercial@fake.com
Ramasser des déchets 75,gerard-commercial@fake.com
Ramasser des déchets 76,gerard-commercial@fake.com
Ramasser des déchets 77,gerard-commercial@fake.com
Ramasser des déchets 78,gerard-commercial@fake.com
Ramasser des déchets 79,gerard-commercial@fake.com
Ramasser des déchets 80,gerard-commercial@fake.com
Ramasser des déchets 81,gerard-commercial@fake.com
Ramasser des déchets 82,gerard-commercial@fake.com
Ramasser des déchets 83,gerard-commercial@fake.com
Ramasser des déchets 84,gerard-commercial@fake.com
Ramasser des déchets 85,gerard-commercial@fake.com
Ramasser des déchets 86,gerard-commercial@fake.com
Ramasser des déchets 87,gerard-commercial@fake.com
Ramasser des déchets 88,gerard-commercial@fake.com
Ramasser des déchets 89,gerard-commercial@fake.com
Ramasser des déchets 90,gerard-commercial@fake.com
Ramasser des déchets 91,gerard-commercial@fake.com
Ramasser des déchets 92,gerard-commercial@fake.com
Ramasser des déchets 93,gerard-commercial@fake.com
Ramasser des déchets 94,gerard-commercial@fake.com
Ramasser des déchets 95,gerard-commercial@fake.com
Ramasser des déchets 96,gerard-commercial@fake.com
Ramasser des déchets 97,gerard-commercial@fake.com
Ramasser des déchets 98,gerard-commercial@fake.com
Ramasser des déchets 99,gerard-commercial@fake.com
Ramasser des déchets 100,gerard-commercial@fake.com
Ramasser des déchets 101,gerard-commercial@fake.com
Ramasser des déchets 102,gerard-commercial@fake.com
Ramasser des déchets 103,gerard-commercial@fake.com
Ramasser des déchets 104,gerard-commercial@fake.com
Ramasser des déchets 105,gerard-commercial@fake.com
Ramasser des déchets 106,gerard-commercial@fake.com
Ramasser des déchets 107,gerard-commercial@fake.com
Ramasser des déchets 108,gerard-commercial@fake.com
Ramasser des déchets 109,gerard-commercial@fake.com
Ramasser des déchets 110,gerard-commercial@fake.com
Ramasser des déchets 111,gerard-commercial@fake.com
Ramasser des déchets 112,gerard-commercial@fake.com
Ramasser des déchets 113,gerard-commercial@fake.com
Ramasser des déchets 114,gerard-commercial@fake.com
Ramasser des déchets 115,gerard-commercial@fake.com
Ramasser des déchets 116,gerard-commercial@fake.com
Ramasser des déchets 117,gerard-commercial@fake.com
Ramasser des déchets 118,gerard-commercial@fake.com
Ramasser des déchets 119,gerard-commercial@fake.com
Ramasser des déchets 120,gerard-commercial@fake.com
Ramasser des déchets 121,gerard-commercial@fake.com
Ramasser des déchets 122,gerard-commercial@fake.com
Ramasser des déchets 123,gerard-commercial@fake.com
Ramasser des déchets 124,gerard-commercial@fake.com
Ramasser des déchets 125,gerard-commercial@fake.com
Ramasser des déchets 126,gerard-commercial@fake.com
Ramasser des déchets 127,gerard-commercial@fake.com
Ramasser des déchets 128,gerard-commercial@fake.com
Ramasser des déchets 129,gerard-commercial@fake.com
Ramasser des déchets 130,gerard-commercial@fake.com
Ramasser des déchets 131,gerard-commercial@fake.com
Ramasser des déchets 132,gerard-commercial@fake.com
Ramasser des déchets 133,gerard-commercial@fake.com
Ramasser des déchets 134,gerard-commercial@fake.com
Ramasser des déchets 135,gerard-commercial@fake.com
Ramasser des déchets 136,gerard-commercial@fake.com
Ramasser des déchets 137,gerard-commercial@fake.com
Ramasser des déchets 138,gerard-commercial@fake.com
Ramasser des déchets 139,gerard-commercial@fake.com
Ramasser des déchets 140,gerard-commercial@fake.com
Ramasser des déchets 141,gerard-commercial@fake.com
Ramasser des déchets 142,gerard-commercial@fake.com
Ramasser des déchets 143,gerard-commercial@fake.com
Ramasser des déchets 144,gerard-commercial@fake.com
Ramasser des déchets 145,gerard-commercial@fake.com
Ramasser des déchets 146,gerard-commercial@fake.com
Ramasser des déchets 147,gerard-commercial@fake.com
Ramasser des déchets 148,gerard-commercial@fake.com
Ramasser des déchets 149,gerard-commercial@fake.com
Ramasser des déchets 150,gerard-commercial@fake.com
Ramasser des déchets 151,gerard-commercial@fake.com
Ramasser des déchets 152,gerard-commercial@fake.com
Ramasser des déchets 153,gerard-commercial@fake.com
Ramasser des déchets 154,gerard-commercial@fake.com
Ramasser des déchets 155,gerard-commercial@fake.com
Ramasser des déchets 156,gerard-commercial@fake.com
Ramasser des déchets 157,gerard-commercial@fake.com
Ramasser des déchets 158,gerard-commercial@fake.com
Ramasser des déchets 159,gerard-commercial@fake.com
Ramasser des déchets 160,gerard-commercial@fake.com
Ramasser des déchets 161,gerard-commercial@fake.com
Ramasser des déchets 162,gerard-commercial@fake.com
Ramasser des déchets 163,gerard-commercial@fake.com
Ramasser des déchets 164,gerard-commercial@fake.com
Ramasser des déchets 165,gerard-commercial@fake.com
Ramasser des déchets 166,gerard-commercial@fake.com
Ramasser des déchets 167,gerard-commercial@fake.com
Ramasser des déchets 168,gerard-commercial@fake.com
Ramasser des déchets 169,gerard-commercial@fake.com
Ramasser des déchets 170,gerard-commercial@fake.com
Ramasser des déchets 171,gerard-commercial@fake.com
Ramasser des déchets 172,gerard-commercial@fake.com
Ramasser des déchets 173,gerard-commercial@fake.com
Ramasser des déchets 174,gerard-commercial@fake.com
Ramasser des déchets 175,gerard-commercial@fake.com
Ramasser des déchets 176,gerard-commercial@fake.com
Ramasser des déchets 177,gerard-commercial@fake.com
Ramasser des déchets 178,gerard-commercial@fake.com
Ramasser des déchets 179,gerard-commercial@fake.com
Ramasser des déchets 180,gerard-commercial@fake.com
Ramasser des déchets 181,gerard-commercial@fake.com
Ramasser des déchets 182,gerard-commercial@fake.com
Ramasser des déchets 183,gerard-commercial@fake.com
Ramasser des déchets 184,gerard-commercial@fake.com
Ramasser des déchets 185,gerard-commercial@fake.com
Ramasser des déchets 186,gerard-commercial@fake.com
Ramasser des déchets 187,gerard-commercial@fake.com
Ramasser des déchets 188,gerard-commercial@fake.com
Ramasser des déchets 189,gerard-commercial@fake.com
Ramasser des déchets 1,john-higgins@fake.com
Ramasser des déchets 2,john-higgins@fake.com
Ramasser des déchets 3,john-higgins@fake.com
Ramasser des déchets 4,john-higgins@fake.com
Ramasser des déchets 5,john-higgins@fake.com
Ramasser des déchets 6,john-higgins@fake.com
Ramasser des déchets 7,john-higgins@fake.com
Ramasser des déchets 8,john-higgins@fake.com
Ramasser des déchets 9,john-higgins@fake.com
Ramasser des déchets 10,john-higgins@fake.com
Ramasser des déchets 11,john-higgins@fake.com
Ramasser des déchets 12,john-higgins@fake.com
Ramasser des déchets 13,john-higgins@fake.com
Ramasser des déchets 14,john-higgins@fake.com
Ramasser des déchets 15,john-higgins@fake.com
Ramasser des déchets 16,john-higgins@fake.com
Ramasser des déchets 17,john-higgins@fake.com
Ramasser des déchets 18,john-higgins@fake.com
Ramasser des déchets 19,john-higgins@fake.com
Ramasser des déchets 20,john-higgins@fake.com
Ramasser des déchets 21,john-higgins@fake.com
Ramasser des déchets 22,john-higgins@fake.com
Ramasser des déchets 23,john-higgins@fake.com
Ramasser des déchets 24,john-higgins@fake.com
Ramasser des déchets 25,john-higgins@fake.com
Ramasser des déchets 26,john-higgins@fake.com
Ramasser des déchets 27,john-higgins@fake.com
Ramasser des déchets 28,john-higgins@fake.com
Ramasser des déchets 29,john-higgins@fake.com
Ramasser des déchets 30,john-higgins@fake.com
Ramasser des déchets 31,john-higgins@fake.com
Ramasser des déchets 32,john-higgins@fake.com
Ramasser des déchets 33,john-higgins@fake.com
Ramasser des déchets 34,john-higgins@fake.com
Ramasser des déchets 35,john-higgins@fake.com
Ramasser des déchets 36,john-higgins@fake.com
Ramasser des déchets 37,john-higgins@fake.com
Ramasser des déchets 38,john-higgins@fake.com
Ramasser des déchets 39,john-higgins@fake.com
Ramasser des déchets 40,john-higgins@fake.com
Ramasser des déchets 41,john-higgins@fake.com
Ramasser des déchets 42,john-higgins@fake.com
Ramasser des déchets 43,john-higgins@fake.com
Ramasser des déchets 44,john-higgins@fake.com
Ramasser des déchets 45,john-higgins@fake.com
Ramasser des déchets 46,john-higgins@fake.com
Ramasser des déchets 47,john-higgins@fake.com
Ramasser des déchets 48,john-higgins@fake.com
Ramasser des déchets 49,john-higgins@fake.com
Ramasser des déchets 50,john-higgins@fake.com
Ramasser des déchets 51,john-higgins@fake.com
Ramasser des déchets 52,john-higgins@fake.com
Ramasser des déchets 53,john-higgins@fake.com
Ramasser des déchets 54,john-higgins@fake.com
Ramasser des déchets 55,john-higgins@fake.com
Ramasser des déchets 56,john-higgins@fake.com
Ramasser des déchets 57,john-higgins@fake.com
Ramasser des déchets 58,john-higgins@fake.com
Ramasser des déchets 59,john-higgins@fake.com
Ramasser des déchets 60,john-higgins@fake.com
Ramasser des déchets 61,john-higgins@fake.com
Ramasser des déchets 62,john-higgins@fake.com
Ramasser des déchets 63,john-higgins@fake.com
Ramasser des déchets 64,john-higgins@fake.com
Ramasser des déchets 65,john-higgins@fake.com
Ramasser des déchets 66,john-higgins@fake.com
Ramasser des déchets 67,john-higgins@fake.com
Ramasser des déchets 68,john-higgins@fake.com
Ramasser des déchets 69,john-higgins@fake.com
Ramasser des déchets 70,john-higgins@fake.com
Ramasser des déchets 71,john-higgins@fake.com
Ramasser des déchets 72,john-higgins@fake.com
Ramasser des déchets 73,john-higgins@fake.com
Ramasser des déchets 74,john-higgins@fake.com
Ramasser des déchets 75,john-higgins@fake.com
Ramasser des déchets 76,john-higgins@fake.com
Ramasser des déchets 77,john-higgins@fake.com
Ramasser des déchets 78,john-higgins@fake.com
Ramasser des déchets 79,john-higgins@fake.com
Ramasser des déchets 80,john-higgins@fake.com
Ramasser des déchets 81,john-higgins@fake.com
Ramasser des déchets 82,john-higgins@fake.com
Ramasser des déchets 83,john-higgins@fake.com
Ramasser des déchets 84,john-higgins@fake.com
Ramasser des déchets 85,john-higgins@fake.com
Ramasser des déchets 86,john-higgins@fake.com
Ramasser des déchets 87,john-higgins@fake.com
Ramasser des déchets 88,john-higgins@fake.com
Ramasser des déchets 89,john-higgins@fake.com
Ramasser des déchets 90,john-higgins@fake.com
Ramasser des déchets 91,john-higgins@fake.com
Ramasser des déchets 92,john-higgins@fake.com
Ramasser des déchets 93,john-higgins@fake.com
Ramasser des déchets 94,john-higgins@fake.com
Ramasser des déchets 95,john-higgins@fake.com
Ramasser des déchets 96,john-higgins@fake.com
Ramasser des déchets 97,john-higgins@fake.com
Ramasser des déchets 98,john-higgins@fake.com
Ramasser des déchets 99,john-higgins@fake.com
Ramasser des déchets 100,john-higgins@fake.com
Ramasser des déchets 101,john-higgins@fake.com
Ramasser des déchets 102,john-higgins@fake.com
Ramasser des déchets 103,john-higgins@fake.com
Ramasser des déchets 104,john-higgins@fake.com
Ramasser des déchets 105,john-higgins@fake.com
Ramasser des déchets 106,john-higgins@fake.com
Ramasser des déchets 107,john-higgins@fake.com
Ramasser des déchets 108,john-higgins@fake.com
Ramasser des déchets 109,john-higgins@fake.com
Ramasser des déchets 110,john-higgins@fake.com
Ramasser des déchets 111,john-higgins@fake.com
Ramasser des déchets 112,john-higgins@fake.com
Ramasser des déchets 113,john-higgins@fake.com
Ramasser des déchets 114,john-higgins@fake.com
Ramasser des déchets 115,john-higgins@fake.com
Ramasser des déchets 116,john-higgins@fake.com
Ramasser des déchets 117,john-higgins@fake.com
Ramasser des déchets 118,john-higgins@fake.com
Ramasser des déchets 119,john-higgins@fake.com
Ramasser des déchets 120,john-higgins@fake.com
Ramasser des déchets 121,john-higgins@fake.com
Ramasser des déchets 122,john-higgins@fake.com
Ramasser des déchets 123,john-higgins@fake.com
Ramasser des déchets 124,john-higgins@fake.com
Ramasser des déchets 125,john-higgins@fake.com
Ramasser des déchets 126,john-higgins@fake.com
Ramasser des déchets 127,john-higgins@fake.com
Ramasser des déchets 128,john-higgins@fake.com
Ramasser des déchets 129,john-higgins@fake.com
Ramasser des déchets 130,john-higgins@fake.com
Ramasser des déchets 131,john-higgins@fake.com
Ramasser des déchets 132,john-higgins@fake.com
Ramasser des déchets 133,john-higgins@fake.com
Ramasser des déchets 134,john-higgins@fake.com
Ramasser des déchets 135,john-higgins@fake.com
Ramasser des déchets 136,john-higgins@fake.com
Ramasser des déchets 137,john-higgins@fake.com
Ramasser des déchets 138,john-higgins@fake.com
Ramasser des déchets 139,john-higgins@fake.com
Ramasser des déchets 140,john-higgins@fake.com
Ramasser des déchets 141,john-higgins@fake.com
Ramasser des déchets 142,john-higgins@fake.com
Ramasser des déchets 143,john-higgins@fake.com
Ramasser des déchets 144,john-higgins@fake.com
Ramasser des déchets 145,john-higgins@fake.com
Ramasser des déchets 146,john-higgins@fake.com
Ramasser des déchets 147,john-higgins@fake.com
Ramasser des déchets 148,john-higgins@fake.com
Ramasser des déchets 149,john-higgins@fake.com
Ramasser des déchets 150,john-higgins@fake.com
Ramasser des déchets 151,john-higgins@fake.com
Ramasser des déchets 152,john-higgins@fake.com
Ramasser des déchets 153,john-higgins@fake.com
Ramasser des déchets 154,john-higgins@fake.com
Ramasser des déchets 155,john-higgins@fake.com
Ramasser des déchets 156,john-higgins@fake.com
Ramasser des déchets 157,john-higgins@fake.com
Ramasser des déchets 158,john-higgins@fake.com
Ramasser des déchets 159,john-higgins@fake.com
Ramasser des déchets 160,john-higgins@fake.com
Ramasser des déchets 161,john-higgins@fake.com
Ramasser des déchets 162,john-higgins@fake.com
Ramasser des déchets 163,john-higgins@fake.com
Ramasser des déchets 164,john-higgins@fake.com
Ramasser des déchets 165,john-higgins@fake.com
Ramasser des déchets 166,john-higgins@fake.com
Ramasser des déchets 167,john-higgins@fake.com
Ramasser des déchets 168,john-higgins@fake.com
Ramasser des déchets 169,john-higgins@fake.com
Ramasser des déchets 170,john-higgins@fake.com
Ramasser des déchets 171,john-higgins@fake.com
Ramasser des déchets 172,john-higgins@fake.com
Ramasser des déchets 173,john-higgins@fake.com
Ramasser des déchets 174,john-higgins@fake.com
Ramasser des déchets 175,john-higgins@fake.com
Ramasser des déchets 176,john-higgins@fake.com
Ramasser des déchets 177,john-higgins@fake.com
Ramasser des déchets 178,john-higgins@fake.com
Ramasser des déchets 179,john-higgins@fake.com
Ramasser des déchets 180,john-higgins@fake.com
Ramasser des déchets 181,john-higgins@fake.com
Ramasser des déchets 182,john-higgins@fake.com
Ramasser des déchets 183,john-higgins@fake.com
Ramasser des déchets 184,john-higgins@fake.com
Ramasser des déchets 185,john-higgins@fake.com
Ramasser des déchets 186,john-higgins@fake.com
Ramasser des déchets 187,john-higgins@fake.com
Ramasser des déchets 188,john-higgins@fake.com
Ramasser des déchets 189,john-higgins@fake.com
Ramasser des déchets 1,george-ballard@fake.com
Ramasser des déchets 2,george-ballard@fake.com
Ramasser des déchets 3,george-ballard@fake.com
Ramasser des déchets 4,george-ballard@fake.com
Ramasser des déchets 5,george-ballard@fake.com
Ramasser des déchets 6,george-ballard@fake.com
Ramasser des déchets 7,george-ballard@fake.com
Ramasser des déchets 8,george-ballard@fake.com
Ramasser des déchets 9,george-ballard@fake.com
Ramasser des déchets 10,george-ballard@fake.com
Ramasser des déchets 11,george-ballard@fake.com
Ramasser des déchets 12,george-ballard@fake.com
Ramasser des déchets 13,george-ballard@fake.com
Ramasser des déchets 14,george-ballard@fake.com
Ramasser des déchets 15,george-ballard@fake.com
Ramasser des déchets 16,george-ballard@fake.com
Ramasser des déchets 17,george-ballard@fake.com
Ramasser des déchets 18,george-ballard@fake.com
Ramasser des déchets 19,george-ballard@fake.com
Ramasser des déchets 20,george-ballard@fake.com
Ramasser des déchets 21,george-ballard@fake.com
Ramasser des déchets 22,george-ballard@fake.com
Ramasser des déchets 23,george-ballard@fake.com
Ramasser des déchets 24,george-ballard@fake.com
Ramasser des déchets 25,george-ballard@fake.com
Ramasser des déchets 26,george-ballard@fake.com
Ramasser des déchets 27,george-ballard@fake.com
Ramasser des déchets 28,george-ballard@fake.com
Ramasser des déchets 29,george-ballard@fake.com
Ramasser des déchets 30,george-ballard@fake.com
Ramasser des déchets 31,george-ballard@fake.com
Ramasser des déchets 32,george-ballard@fake.com
Ramasser des déchets 33,george-ballard@fake.com
Ramasser des déchets 34,george-ballard@fake.com
Ramasser des déchets 35,george-ballard@fake.com
Ramasser des déchets 36,george-ballard@fake.com
Ramasser des déchets 37,george-ballard@fake.com
Ramasser des déchets 38,george-ballard@fake.com
Ramasser des déchets 39,george-ballard@fake.com
Ramasser des déchets 40,george-ballard@fake.com
Ramasser des déchets 41,george-ballard@fake.com
Ramasser des déchets 42,george-ballard@fake.com
Ramasser des déchets 43,george-ballard@fake.com
Ramasser des déchets 44,george-ballard@fake.com
Ramasser des déchets 45,george-ballard@fake.com
Ramasser des déchets 46,george-ballard@fake.com
Ramasser des déchets 47,george-ballard@fake.com
Ramasser des déchets 48,george-ballard@fake.com
Ramasser des déchets 49,george-ballard@fake.com
Ramasser des déchets 50,george-ballard@fake.com
Ramasser des déchets 51,george-ballard@fake.com
Ramasser des déchets 52,george-ballard@fake.com
Ramasser des déchets 53,george-ballard@fake.com
Ramasser des déchets 54,george-ballard@fake.com
Ramasser des déchets 55,george-ballard@fake.com
Ramasser des déchets 56,george-ballard@fake.com
Ramasser des déchets 57,george-ballard@fake.com
Ramasser des déchets 58,george-ballard@fake.com
Ramasser des déchets 59,george-ballard@fake.com
Ramasser des déchets 60,george-ballard@fake.com
Ramasser des déchets 61,george-ballard@fake.com
Ramasser des déchets 62,george-ballard@fake.com
Ramasser des déchets 63,george-ballard@fake.com
Ramasser des déchets 64,george-ballard@fake.com
Ramasser des déchets 65,george-ballard@fake.com
Ramasser des déchets 66,george-ballard@fake.com
Ramasser des déchets 67,george-ballard@fake.com
Ramasser des déchets 68,george-ballard@fake.com
Ramasser des déchets 69,george-ballard@fake.com
Ramasser des déchets 70,george-ballard@fake.com
Ramasser des déchets 71,george-ballard@fake.com
Ramasser des déchets 72,george-ballard@fake.com
Ramasser des déchets 73,george-ballard@fake.com
Ramasser des déchets 74,george-ballard@fake.com
Ramasser des déchets 75,george-ballard@fake.com
Ramasser des déchets 76,george-ballard@fake.com
Ramasser des déchets 77,george-ballard@fake.com
Ramasser des déchets 78,george-ballard@fake.com
Ramasser des déchets 79,george-ballard@fake.com
Ramasser des déchets 80,george-ballard@fake.com
Ramasser des déchets 81,george-ballard@fake.com
Ramasser des déchets 82,george-ballard@fake.com
Ramasser des déchets 83,george-ballard@fake.com
Ramasser des déchets 84,george-ballard@fake.com
Ramasser des déchets 85,george-ballard@fake.com
Ramasser des déchets 86,george-ballard@fake.com
Ramasser des déchets 87,george-ballard@fake.com
Ramasser des déchets 88,george-ballard@fake.com
Ramasser des déchets 89,george-ballard@fake.com
Ramasser des déchets 90,george-ballard@fake.com
Ramasser des déchets 91,george-ballard@fake.com
Ramasser des déchets 92,george-ballard@fake.com
Ramasser des déchets 93,george-ballard@fake.com
Ramasser des déchets 94,george-ballard@fake.com
Ramasser des déchets 95,george-ballard@fake.com
Ramasser des déchets 96,george-ballard@fake.com
Ramasser des déchets 97,george-ballard@fake.com
Ramasser des déchets 98,george-ballard@fake.com
Ramasser des déchets 99,george-ballard@fake.com
Ramasser des déchets 100,george-ballard@fake.com
Ramasser des déchets 101,george-ballard@fake.com
Ramasser des déchets 102,george-ballard@fake.com
Ramasser des déchets 103,george-ballard@fake.com
Ramasser des déchets 104,george-ballard@fake.com
Ramasser des déchets 105,george-ballard@fake.com
Ramasser des déchets 106,george-ballard@fake.com
Ramasser des déchets 107,george-ballard@fake.com
Ramasser des déchets 108,george-ballard@fake.com
Ramasser des déchets 109,george-ballard@fake.com
Ramasser des déchets 110,george-ballard@fake.com
Ramasser des déchets 111,george-ballard@fake.com
Ramasser des déchets 112,george-ballard@fake.com
Ramasser des déchets 113,george-ballard@fake.com
Ramasser des déchets 114,george-ballard@fake.com
Ramasser des déchets 115,george-ballard@fake.com
Ramasser des déchets 116,george-ballard@fake.com
Ramasser des déchets 117,george-ballard@fake.com
Ramasser des déchets 118,george-ballard@fake.com
Ramasser des déchets 119,george-ballard@fake.com
Ramasser des déchets 120,george-ballard@fake.com
Ramasser des déchets 121,george-ballard@fake.com
Ramasser des déchets 122,george-ballard@fake.com
Ramasser des déchets 123,george-ballard@fake.com
Ramasser des déchets 124,george-ballard@fake.com
Ramasser des déchets 125,george-ballard@fake.com
Ramasser des déchets 126,george-ballard@fake.com
Ramasser des déchets 127,george-ballard@fake.com
Ramasser des déchets 128,george-ballard@fake.com
Ramasser des déchets 129,george-ballard@fake.com
Ramasser des déchets 130,george-ballard@fake.com
Ramasser des déchets 131,george-ballard@fake.com
Ramasser des déchets 132,george-ballard@fake.com
Ramasser des déchets 133,george-ballard@fake.com
Ramasser des déchets 134,george-ballard@fake.com
Ramasser des déchets 135,george-ballard@fake.com
Ramasser des déchets 136,george-ballard@fake.com
Ramasser des déchets 137,george-ballard@fake.com
Ramasser des déchets 138,george-ballard@fake.com
Ramasser des déchets 139,george-ballard@fake.com
Ramasser des déchets 140,george-ballard@fake.com
Ramasser des déchets 141,george-ballard@fake.com
Ramasser des déchets 142,george-ballard@fake.com
Ramasser des déchets 143,george-ballard@fake.com
Ramasser des déchets 144,george-ballard@fake.com
Ramasser des déchets 145,george-ballard@fake.com
Ramasser des déchets 146,george-ballard@fake.com
Ramasser des déchets 147,george-ballard@fake.com
Ramasser des déchets 148,george-ballard@fake.com
Ramasser des déchets 149,george-ballard@fake.com
Ramasser des déchets 150,george-ballard@fake.com
Ramasser des déchets 151,george-ballard@fake.com
Ramasser des déchets 152,george-ballard@fake.com
Ramasser des déchets 153,george-ballard@fake.com
Ramasser des déchets 154,george-ballard@fake.com
Ramasser des déchets 155,george-ballard@fake.com
Ramasser des déchets 156,george-ballard@fake.com
Ramasser des déchets 157,george-ballard@fake.com
Ramasser des déchets 158,george-ballard@fake.com
Ramasser des déchets 159,george-ballard@fake.com
Ramasser des déchets 160,george-ballard@fake.com
Ramasser des déchets 161,george-ballard@fake.com
Ramasser des déchets 162,george-ballard@fake.com
Ramasser des déchets 163,george-ballard@fake.com
Ramasser des déchets 164,george-ballard@fake.com
Ramasser des déchets 165,george-ballard@fake.com
Ramasser des déchets 166,george-ballard@fake.com
Ramasser des déchets 167,george-ballard@fake.com
Ramasser des déchets 168,george-ballard@fake.com
Ramasser des déchets 169,george-ballard@fake.com
Ramasser des déchets 170,george-ballard@fake.com
Ramasser des déchets 171,george-ballard@fake.com
Ramasser des déchets 172,george-ballard@fake.com
Ramasser des déchets 173,george-ballard@fake.com
Ramasser des déchets 174,george-ballard@fake.com
Ramasser des déchets 175,george-ballard@fake.com
Ramasser des déchets 176,george-ballard@fake.com
Ramasser des déchets 177,george-ballard@fake.com
Ramasser des déchets 178,george-ballard@fake.com
Ramasser des déchets 179,george-ballard@fake.com
Ramasser des déchets 180,george-ballard@fake.com
Ramasser des déchets 181,george-ballard@fake.com
Ramasser des déchets 182,george-ballard@fake.com
Ramasser des déchets 183,george-ballard@fake.com
Ramasser des déchets 184,george-ballard@fake.com
Ramasser des déchets 185,george-ballard@fake.com
Ramasser des déchets 186,george-ballard@fake.com
Ramasser des déchets 187,george-ballard@fake.com
Ramasser des déchets 188,george-ballard@fake.com
Ramasser des déchets 189,george-ballard@fake.com
Ramasser des déchets 1,lorenzo-xavier@fake.com
Ramasser des déchets 2,lorenzo-xavier@fake.com
Ramasser des déchets 3,lorenzo-xavier@fake.com
Ramasser des déchets 4,lorenzo-xavier@fake.com
Ramasser des déchets 5,lorenzo-xavier@fake.com
Ramasser des déchets 6,lorenzo-xavier@fake.com
Ramasser des déchets 7,lorenzo-xavier@fake.com
Ramasser des déchets 8,lorenzo-xavier@fake.com
Ramasser des déchets 9,lorenzo-xavier@fake.com
Ramasser des déchets 10,lorenzo-xavier@fake.com
Ramasser des déchets 11,lorenzo-xavier@fake.com
Ramasser des déchets 12,lorenzo-xavier@fake.com
Ramasser des déchets 13,lorenzo-xavier@fake.com
Ramasser des déchets 14,lorenzo-xavier@fake.com
Ramasser des déchets 15,lorenzo-xavier@fake.com
Ramasser des déchets 16,lorenzo-xavier@fake.com
Ramasser des déchets 17,lorenzo-xavier@fake.com
Ramasser des déchets 18,lorenzo-xavier@fake.com
Ramasser des déchets 19,lorenzo-xavier@fake.com
Ramasser des déchets 20,lorenzo-xavier@fake.com
Ramasser des déchets 21,lorenzo-xavier@fake.com
Ramasser des déchets 22,lorenzo-xavier@fake.com
Ramasser des déchets 23,lorenzo-xavier@fake.com
Ramasser des déchets 24,lorenzo-xavier@fake.com
Ramasser des déchets 25,lorenzo-xavier@fake.com
Ramasser des déchets 26,lorenzo-xavier@fake.com
Ramasser des déchets 27,lorenzo-xavier@fake.com
Ramasser des déchets 28,lorenzo-xavier@fake.com
Ramasser des déchets 29,lorenzo-xavier@fake.com
Ramasser des déchets 30,lorenzo-xavier@fake.com
Ramasser des déchets 31,lorenzo-xavier@fake.com
Ramasser des déchets 32,lorenzo-xavier@fake.com
Ramasser des déchets 33,lorenzo-xavier@fake.com
Ramasser des déchets 34,lorenzo-xavier@fake.com
Ramasser des déchets 35,lorenzo-xavier@fake.com
Ramasser des déchets 36,lorenzo-xavier@fake.com
Ramasser des déchets 37,lorenzo-xavier@fake.com
Ramasser des déchets 38,lorenzo-xavier@fake.com
Ramasser des déchets 39,lorenzo-xavier@fake.com
Ramasser des déchets 40,lorenzo-xavier@fake.com
Ramasser des déchets 41,lorenzo-xavier@fake.com
Ramasser des déchets 42,lorenzo-xavier@fake.com
Ramasser des déchets 43,lorenzo-xavier@fake.com
Ramasser des déchets 44,lorenzo-xavier@fake.com
Ramasser des déchets 45,lorenzo-xavier@fake.com
Ramasser des déchets 46,lorenzo-xavier@fake.com
Ramasser des déchets 47,lorenzo-xavier@fake.com
Ramasser des déchets 48,lorenzo-xavier@fake.com
Ramasser des déchets 49,lorenzo-xavier@fake.com
Ramasser des déchets 50,lorenzo-xavier@fake.com
Ramasser des déchets 51,lorenzo-xavier@fake.com
Ramasser des déchets 52,lorenzo-xavier@fake.com
Ramasser des déchets 53,lorenzo-xavier@fake.com
Ramasser des déchets 54,lorenzo-xavier@fake.com
Ramasser des déchets 55,lorenzo-xavier@fake.com
Ramasser des déchets 56,lorenzo-xavier@fake.com
Ramasser des déchets 57,lorenzo-xavier@fake.com
Ramasser des déchets 58,lorenzo-xavier@fake.com
Ramasser des déchets 59,lorenzo-xavier@fake.com
Ramasser des déchets 60,lorenzo-xavier@fake.com
Ramasser des déchets 61,lorenzo-xavier@fake.com
Ramasser des déchets 62,lorenzo-xavier@fake.com
Ramasser des déchets 63,lorenzo-xavier@fake.com
Ramasser des déchets 64,lorenzo-xavier@fake.com
Ramasser des déchets 65,lorenzo-xavier@fake.com
Ramasser des déchets 66,lorenzo-xavier@fake.com
Ramasser des déchets 67,lorenzo-xavier@fake.com
Ramasser des déchets 68,lorenzo-xavier@fake.com
Ramasser des déchets 69,lorenzo-xavier@fake.com
Ramasser des déchets 70,lorenzo-xavier@fake.com
Ramasser des déchets 71,lorenzo-xavier@fake.com
Ramasser des déchets 72,lorenzo-xavier@fake.com
Ramasser des déchets 73,lorenzo-xavier@fake.com
Ramasser des déchets 74,lorenzo-xavier@fake.com
Ramasser des déchets 75,lorenzo-xavier@fake.com
Ramasser des déchets 76,lorenzo-xavier@fake.com
Ramasser des déchets 77,lorenzo-xavier@fake.com
Ramasser des déchets 78,lorenzo-xavier@fake.com
Ramasser des déchets 79,lorenzo-xavier@fake.com
Ramasser des déchets 80,lorenzo-xavier@fake.com
Ramasser des déchets 81,lorenzo-xavier@fake.com
Ramasser des déchets 82,lorenzo-xavier@fake.com
Ramasser des déchets 83,lorenzo-xavier@fake.com
Ramasser des déchets 84,lorenzo-xavier@fake.com
Ramasser des déchets 85,lorenzo-xavier@fake.com
Ramasser des déchets 86,lorenzo-xavier@fake.com
Ramasser des déchets 87,lorenzo-xavier@fake.com
Ramasser des déchets 88,lorenzo-xavier@fake.com
Ramasser des déchets 89,lorenzo-xavier@fake.com
Ramasser des déchets 90,lorenzo-xavier@fake.com
Ramasser des déchets 91,lorenzo-xavier@fake.com
Ramasser des déchets 92,lorenzo-xavier@fake.com
Ramasser des déchets 93,lorenzo-xavier@fake.com
Ramasser des déchets 94,lorenzo-xavier@fake.com
Ramasser des déchets 95,lorenzo-xavier@fake.com
Ramasser des déchets 96,lorenzo-xavier@fake.com
Ramasser des déchets 97,lorenzo-xavier@fake.com
Ramasser des déchets 98,lorenzo-xavier@fake.com
Ramasser des déchets 99,lorenzo-xavier@fake.com
Ramasser des déchets 100,lorenzo-xavier@fake.com
Ramasser des déchets 101,lorenzo-xavier@fake.com
Ramasser des déchets 102,lorenzo-xavier@fake.com
Ramasser des déchets 103,lorenzo-xavier@fake.com
Ramasser des déchets 104,lorenzo-xavier@fake.com
Ramasser des déchets 105,lorenzo-xavier@fake.com
Ramasser des déchets 106,lorenzo-xavier@fake.com
Ramasser des déchets 107,lorenzo-xavier@fake.com
Ramasser des déchets 108,lorenzo-xavier@fake.com
Ramasser des déchets 109,lorenzo-xavier@fake.com
Ramasser des déchets 110,lorenzo-xavier@fake.com
Ramasser des déchets 111,lorenzo-xavier@fake.com
Ramasser des déchets 112,lorenzo-xavier@fake.com
Ramasser des déchets 113,lorenzo-xavier@fake.com
Ramasser des déchets 114,lorenzo-xavier@fake.com
Ramasser des déchets 115,lorenzo-xavier@fake.com
Ramasser des déchets 116,lorenzo-xavier@fake.com
Ramasser des déchets 117,lorenzo-xavier@fake.com
Ramasser des déchets 118,lorenzo-xavier@fake.com
Ramasser des déchets 119,lorenzo-xavier@fake.com
Ramasser des déchets 120,lorenzo-xavier@fake.com
Ramasser des déchets 121,lorenzo-xavier@fake.com
Ramasser des déchets 122,lorenzo-xavier@fake.com
Ramasser des déchets 123,lorenzo-xavier@fake.com
Ramasser des déchets 124,lorenzo-xavier@fake.com
Ramasser des déchets 125,lorenzo-xavier@fake.com
Ramasser des déchets 126,lorenzo-xavier@fake.com
Ramasser des déchets 127,lorenzo-xavier@fake.com
Ramasser des déchets 128,lorenzo-xavier@fake.com
Ramasser des déchets 129,lorenzo-xavier@fake.com
Ramasser des déchets 130,lorenzo-xavier@fake.com
Ramasser des déchets 131,lorenzo-xavier@fake.com
Ramasser des déchets 132,lorenzo-xavier@fake.com
Ramasser des déchets 133,lorenzo-xavier@fake.com
Ramasser des déchets 134,lorenzo-xavier@fake.com
Ramasser des déchets 135,lorenzo-xavier@fake.com
Ramasser des déchets 136,lorenzo-xavier@fake.com
Ramasser des déchets 137,lorenzo-xavier@fake.com
Ramasser des déchets 138,lorenzo-xavier@fake.com
Ramasser des déchets 139,lorenzo-xavier@fake.com
Ramasser des déchets 140,lorenzo-xavier@fake.com
Ramasser des déchets 141,lorenzo-xavier@fake.com
Ramasser des déchets 142,lorenzo-xavier@fake.com
Ramasser des déchets 143,lorenzo-xavier@fake.com
Ramasser des déchets 144,lorenzo-xavier@fake.com
Ramasser des déchets 145,lorenzo-xavier@fake.com
Ramasser des déchets 146,lorenzo-xavier@fake.com
Ramasser des déchets 147,lorenzo-xavier@fake.com
Ramasser des déchets 148,lorenzo-xavier@fake.com
Ramasser des déchets 149,lorenzo-xavier@fake.com
Ramasser des déchets 150,lorenzo-xavier@fake.com
Ramasser des déchets 151,lorenzo-xavier@fake.com
Ramasser des déchets 152,lorenzo-xavier@fake.com
Ramasser des déchets 153,lorenzo-xavier@fake.com
Ramasser des déchets 154,lorenzo-xavier@fake.com
Ramasser des déchets 155,lorenzo-xavier@fake.com
Ramasser des déchets 156,lorenzo-xavier@fake.com
Ramasser des déchets 157,lorenzo-xavier@fake.com
Ramasser des déchets 158,lorenzo-xavier@fake.com
Ramasser des déchets 159,lorenzo-xavier@fake.com
Ramasser des déchets 160,lorenzo-xavier@fake.com
Ramasser des déchets 161,lorenzo-xavier@fake.com
Ramasser des déchets 162,lorenzo-xavier@fake.com
Ramasser des déchets 163,lorenzo-xavier@fake.com
Ramasser des déchets 164,lorenzo-xavier@fake.com
Ramasser des déchets 165,lorenzo-xavier@fake.com
Ramasser des déchets 166,lorenzo-xavier@fake.com
Ramasser des déchets 167,lorenzo-xavier@fake.com
Ramasser des déchets 168,lorenzo-xavier@fake.com
Ramasser des déchets 169,lorenzo-xavier@fake.com
Ramasser des déchets 170,lorenzo-xavier@fake.com
Ramasser des déchets 171,lorenzo-xavier@fake.com
Ramasser des déchets 172,lorenzo-xavier@fake.com
Ramasser des déchets 173,lorenzo-xavier@fake.com
Ramasser des déchets 174,lorenzo-xavier@fake.com
Ramasser des déchets 175,lorenzo-xavier@fake.com
Ramasser des déchets 176,lorenzo-xavier@fake.com
Ramasser des déchets 177,lorenzo-xavier@fake.com
Ramasser des déchets 178,lorenzo-xavier@fake.com
Ramasser des déchets 179,lorenzo-xavier@fake.com
Ramasser des déchets 180,lorenzo-xavier@fake.com
Ramasser des déchets 181,lorenzo-xavier@fake.com
Ramasser des déchets 182,lorenzo-xavier@fake.com
Ramasser des déchets 183,lorenzo-xavier@fake.com
Ramasser des déchets 184,lorenzo-xavier@fake.com
Ramasser des déchets 185,lorenzo-xavier@fake.com
Ramasser des déchets 186,lorenzo-xavier@fake.com
Ramasser des déchets 187,lorenzo-xavier@fake.com
Ramasser des déchets 188,lorenzo-xavier@fake.com
Ramasser des déchets 189,lorenzo-xavier@fake.com